{
    "ADANIENT.NS": {
        "Final Balance": 146447.34838925768,
        "Total Trades": 7,
        "Winning Trades": 5,
        "Losing Trades": 2,
        "Max Profit": 55281.44634302179,
        "Max Loss": -29567.412171855016,
        "Total Profit": 47472.09468305239
    },
    "ADANIGREEN.NS": {
        "Final Balance": 113971.94810978745,
        "Total Trades": 8,
        "Winning Trades": 5,
        "Losing Trades": 3,
        "Max Profit": 9702.949809606827,
        "Max Loss": -7970.139426949983,
        "Total Profit": 14631.946927766887
    },
    "ADANIPORTS.NS": {
        "Final Balance": 133857.5773007187,
        "Total Trades": 8,
        "Winning Trades": 6,
        "Losing Trades": 2,
        "Max Profit": 12529.780422596872,
        "Max Loss": -8294.700638161099,
        "Total Profit": 34879.84295332498
    },
    "AMBUJACEM.NS": {
        "Final Balance": 96056.04004114048,
        "Total Trades": 4,
        "Winning Trades": 1,
        "Losing Trades": 3,
        "Max Profit": 10091.928313072292,
        "Max Loss": -8358.992375546557,
        "Total Profit": -3602.5571836592135
    },
    "APOLLOHOSP.NS": {
        "Final Balance": 158286.90867626102,
        "Total Trades": 4,
        "Winning Trades": 3,
        "Losing Trades": 1,
        "Max Profit": 48743.507598714845,
        "Max Loss": -1862.5127832312937,
        "Total Profit": 58775.816651885325
    },
    "ASIANPAINT.NS": {
        "Final Balance": 96094.57161426666,
        "Total Trades": 5,
        "Winning Trades": 5,
        "Losing Trades": 0,
        "Max Profit": 7483.099411957228,
        "Max Loss": -24468.89088679153,
        "Total Profit": -3176.7314859307735
    },
    "AUROPHARMA.NS": {
        "Final Balance": 109908.54020565178,
        "Total Trades": 5,
        "Winning Trades": 3,
        "Losing Trades": 2,
        "Max Profit": 21350.48853052805,
        "Max Loss": -12535.662018896575,
        "Total Profit": 10454.279451252329
    },
    "AXISBANK.NS": {
        "Final Balance": 97548.71181472756,
        "Total Trades": 6,
        "Winning Trades": 5,
        "Losing Trades": 1,
        "Max Profit": 5684.635844526943,
        "Max Loss": -20415.610967435372,
        "Total Profit": -1758.0383810176718
    },
    "BAJAJ-AUTO.NS": {
        "Final Balance": 107281.18209396813,
        "Total Trades": 5,
        "Winning Trades": 5,
        "Losing Trades": 0,
        "Max Profit": 6327.885233440065,
        "Max Loss": -6427.101568480852,
        "Total Profit": 7698.205753671418
    },
    "BAJFINANCE.NS": {
        "Final Balance": 132145.00122664077,
        "Total Trades": 7,
        "Winning Trades": 6,
        "Losing Trades": 1,
        "Max Profit": 18264.57568257962,
        "Max Loss": -6764.214577336505,
        "Total Profit": 33126.825420991656
    },
    "BAJAJFINSV.NS": {
        "Final Balance": 109010.99360120061,
        "Total Trades": 7,
        "Winning Trades": 4,
        "Losing Trades": 3,
        "Max Profit": 8715.488488956966,
        "Max Loss": -6548.213705071335,
        "Total Profit": 10030.664703594179
    },
    "BPCL.NS": {
        "Final Balance": 99405.32721061137,
        "Total Trades": 4,
        "Winning Trades": 3,
        "Losing Trades": 1,
        "Max Profit": 4063.752828366971,
        "Max Loss": -5636.03302952346,
        "Total Profit": -351.99693438370105
    },
    "BHARTIARTL.NS": {
        "Final Balance": 122177.88160919835,
        "Total Trades": 4,
        "Winning Trades": 3,
        "Losing Trades": 1,
        "Max Profit": 11035.23171711676,
        "Max Loss": -1241.1834158092533,
        "Total Profit": 22578.306631134015
    },
    "BIOCON.NS": {
        "Final Balance": 152234.6547946941,
        "Total Trades": 7,
        "Winning Trades": 6,
        "Losing Trades": 1,
        "Max Profit": 15937.655167213888,
        "Max Loss": -10.440952857934462,
        "Total Profit": 52996.861894230824
    },
    "BRITANNIA.NS": {
        "Final Balance": 107007.48166566339,
        "Total Trades": 4,
        "Winning Trades": 3,
        "Losing Trades": 1,
        "Max Profit": 4085.0514787976535,
        "Max Loss": -2755.6903373677414,
        "Total Profit": 7363.70579552187
    },
    "CIPLA.NS": {
        "Final Balance": 142830.58293325466,
        "Total Trades": 9,
        "Winning Trades": 9,
        "Losing Trades": 0,
        "Max Profit": 9538.735850343466,
        "Max Loss": 1197.6036233853083,
        "Total Profit": 43762.25100651775
    },
    "COALINDIA.NS": {
        "Final Balance": 101980.37714552753,
        "Total Trades": 4,
        "Winning Trades": 3,
        "Losing Trades": 1,
        "Max Profit": 2217.1215531014705,
        "Max Loss": -2949.1114070931544,
        "Total Profit": 2094.000167451083
    },
    "DIVISLAB.NS": {
        "Final Balance": 118107.53437411596,
        "Total Trades": 5,
        "Winning Trades": 4,
        "Losing Trades": 1,
        "Max Profit": 15682.830602062604,
        "Max Loss": -11449.547435733926,
        "Total Profit": 18567.03169694429
    },
    "DRREDDY.NS": {
        "Final Balance": 113232.45753963749,
        "Total Trades": 7,
        "Winning Trades": 6,
        "Losing Trades": 1,
        "Max Profit": 4236.354980969154,
        "Max Loss": -33.63481166958991,
        "Total Profit": 13691.336503806626
    },
    "EICHERMOT.NS": {
        "Final Balance": 133642.89086804277,
        "Total Trades": 7,
        "Winning Trades": 7,
        "Losing Trades": 0,
        "Max Profit": 15665.072047354428,
        "Max Loss": 1583.6476130879528,
        "Total Profit": 34242.52675084266
    },
    "GRASIM.NS": {
        "Final Balance": 132182.3654230139,
        "Total Trades": 2,
        "Winning Trades": 2,
        "Losing Trades": 0,
        "Max Profit": 14094.939492121568,
        "Max Loss": 8564.470490192376,
        "Total Profit": 32499.213166322337
    },
    "HCLTECH.NS": {
        "Final Balance": 96555.01306154043,
        "Total Trades": 4,
        "Winning Trades": 2,
        "Losing Trades": 2,
        "Max Profit": 1555.6658962283018,
        "Max Loss": -4222.167842169751,
        "Total Profit": -3295.930703788905
    },
    "HDFCBANK.NS": {
        "Final Balance": 147259.76921858196,
        "Total Trades": 8,
        "Winning Trades": 7,
        "Losing Trades": 1,
        "Max Profit": 14362.197847893258,
        "Max Loss": -526.3716087613138,
        "Total Profit": 48263.77334703617
    },
    "HDFCLIFE.NS": {
        "Final Balance": 119155.45442168173,
        "Total Trades": 5,
        "Winning Trades": 3,
        "Losing Trades": 2,
        "Max Profit": 12030.160777231162,
        "Max Loss": -7183.882247066227,
        "Total Profit": 19969.817240496333
    },
    "HEROMOTOCO.NS": {
        "Final Balance": 90805.19121496851,
        "Total Trades": 3,
        "Winning Trades": 2,
        "Losing Trades": 1,
        "Max Profit": 1601.0274530245315,
        "Max Loss": -8497.038591920056,
        "Total Profit": -8972.855189661299
    },
    "HINDALCO.NS": {
        "Final Balance": 147483.93051736086,
        "Total Trades": 6,
        "Winning Trades": 5,
        "Losing Trades": 1,
        "Max Profit": 18703.42622213732,
        "Max Loss": -3192.8894669210713,
        "Total Profit": 48220.78828502542
    },
    "HINDUNILVR.NS": {
        "Final Balance": 102262.59776509335,
        "Total Trades": 4,
        "Winning Trades": 4,
        "Losing Trades": 0,
        "Max Profit": 1735.5584577713853,
        "Max Loss": 96.09508930682205,
        "Total Profit": 2514.1023659262937
    },
    "ICICIBANK.NS": {
        "Final Balance": 132944.31418197835,
        "Total Trades": 5,
        "Winning Trades": 4,
        "Losing Trades": 1,
        "Max Profit": 16571.383573257044,
        "Max Loss": -6754.585293296837,
        "Total Profit": 33530.76850181099
    },
    "INDUSINDBK.NS": {
        "Final Balance": 84445.3093399627,
        "Total Trades": 7,