{
    "ACC.NS": {
        "Final Balance": 96856.5383806247,
        "Total Trades": 6,
        "Winning Trades": 4,
        "Losing Trades": 2,
        "Max Profit": 8519.141717932689,
        "Max Loss": -12974.997442513144,
        "Total Profit": -2484.824592474535
    },
    "APLAPOLLO.NS": {
        "Final Balance": 139184.29963500577,
        "Total Trades": 7,
        "Winning Trades": 6,
        "Losing Trades": 1,
        "Max Profit": 10631.381134278818,
        "Max Loss": -7284.6826028947835,
        "Total Profit": 39874.15247723352
    },
    "AUBANK.NS": {
        "Final Balance": 94097.76057465182,
        "Total Trades": 7,
        "Winning Trades": 4,
        "Losing Trades": 3,
        "Max Profit": 8245.040553722622,
        "Max Loss": -15455.32783939597,
        "Total Profit": -5251.013470213471
    },
    "ABCAPITAL.NS": {
        "Final Balance": 159476.83192366612,
        "Total Trades": 5,
        "Winning Trades": 4,
        "Losing Trades": 1,
        "Max Profit": 25995.337197489775,
        "Max Loss": -4073.409823968941,
        "Total Profit": 60226.11074019311
    },
    "ALKEM.NS": {
        "Final Balance": 116558.87891492428,
        "Total Trades": 5,
        "Winning Trades": 5,
        "Losing Trades": 0,
        "Max Profit": 10359.760597473578,
        "Max Loss": -5535.704607411564,
        "Total Profit": 17213.62807004522
    },
    "ASHOKLEY.NS": {
        "Final Balance": 112526.43352679219,
        "Total Trades": 7,
        "Winning Trades": 5,
        "Losing Trades": 2,
        "Max Profit": 6815.488488119692,
        "Max Loss": -1842.1418312849964,
        "Total Profit": 12941.169017251308
    },
    "ASTRAL.NS": {
        "Final Balance": 117735.77773980278,
        "Total Trades": 4,
        "Winning Trades": 2,
        "Losing Trades": 2,
        "Max Profit": 26173.78837788752,
        "Max Loss": -7012.842880611981,
        "Total Profit": 18161.460943209586
    },
    "AUROPHARMA.NS": {
        "Final Balance": 109908.54200998938,
        "Total Trades": 5,
        "Winning Trades": 3,
        "Losing Trades": 2,
        "Max Profit": 21350.485463138273,
        "Max Loss": -12535.656653224789,
        "Total Profit": 10454.281206352618
    },
    "BHARATFORG.NS": {
        "Final Balance": 141523.030494613,
        "Total Trades": 8,
        "Winning Trades": 7,
        "Losing Trades": 1,
        "Max Profit": 22230.666093886946,
        "Max Loss": -5225.572565455426,
        "Total Profit": 42416.96511812096
    },
    "CGPOWER.NS": {
        "Final Balance": 114462.82012683654,
        "Total Trades": 2,
        "Winning Trades": 2,
        "Losing Trades": 0,
        "Max Profit": 12947.660907842765,
        "Max Loss": 1722.4023781785,
        "Total Profit": 14670.063286021265
    },
    "COLPAL.NS": {
        "Final Balance": 100926.23222095628,
        "Total Trades": 2,
        "Winning Trades": 1,
        "Losing Trades": 1,
        "Max Profit": 2684.782384553868,
        "Max Loss": -1690.9392533878163,
        "Total Profit": 993.8431311660515
    },
    "CONCOR.NS": {
        "Final Balance": 102586.72938507386,
        "Total Trades": 4,
        "Winning Trades": 3,
        "Losing Trades": 1,
        "Max Profit": 10210.100284904773,
        "Max Loss": -9913.051843527326,
        "Total Profit": 2928.7517116833733
    },
    "CUMMINSIND.NS": {
        "Final Balance": 109465.15202455435,
        "Total Trades": 4,
        "Winning Trades": 4,
        "Losing Trades": 0,
        "Max Profit": 3531.9637937579682,
        "Max Loss": -203.34119250773801,
        "Total Profit": 9827.122114521466
    },
    "DIXON.NS": {
        "Final Balance": 120001.44313266067,
        "Total Trades": 6,
        "Winning Trades": 4,
        "Losing Trades": 2,
        "Max Profit": 17097.099411114243,
        "Max Loss": -20124.37402945132,
        "Total Profit": 20662.408805799118
    },
    "FEDERALBNK.NS": {
        "Final Balance": 141632.23603564684,
        "Total Trades": 6,
        "Winning Trades": 5,
        "Losing Trades": 1,
        "Max Profit": 12961.824548411663,
        "Max Loss": -5432.10522929702,
        "Total Profit": 42420.095060462365
    },
    "GMRAIRPORT.NS": {
        "Final Balance": 145343.20992493007,
        "Total Trades": 8,
        "Winning Trades": 7,
        "Losing Trades": 1,
        "Max Profit": 17172.528582733547,
        "Max Loss": -6199.453941831191,
        "Total Profit": 46252.01334281362
    },
    "GODREJPROP.NS": {
        "Final Balance": 126024.82957800373,
        "Total Trades": 4,
        "Winning Trades": 3,
        "Losing Trades": 1,
        "Max Profit": 19621.23657975578,
        "Max Loss": -6430.103480753889,
        "Total Profit": 26403.22978420226
    },
    "HDFCAMC.NS": {
        "Final Balance": 103038.42695443661,
        "Total Trades": 4,
        "Winning Trades": 2,
        "Losing Trades": 2,
        "Max Profit": 8905.724883591225,
        "Max Loss": -4080.729869966941,
        "Total Profit": 3293.5648867110613
    },
    "HINDPETRO.NS": {
        "Final Balance": 107504.42202358294,
        "Total Trades": 5,
        "Winning Trades": 3,
        "Losing Trades": 2,
        "Max Profit": 3018.6498678521857,
        "Max Loss": -619.3816639609395,
        "Total Profit": 7687.888981738691
    },
    "IDFCFIRSTB.NS": {
        "Final Balance": 100494.4432100877,
        "Total Trades": 7,
        "Winning Trades": 4,
        "Losing Trades": 3,
        "Max Profit": 8343.157200305504,
        "Max Loss": -9503.3147815634,
        "Total Profit": 1298.9093576629457
    },
    "INDHOTEL.NS": {
        "Final Balance": 136903.93332176155,
        "Total Trades": 6,
        "Winning Trades": 5,
        "Losing Trades": 1,
        "Max Profit": 20214.71507954348,
        "Max Loss": -19090.232369606885,
        "Total Profit": 37509.40131407424
    },
    "INDUSTOWER.NS": {
        "Final Balance": 101233.91490644217,
        "Total Trades": 6,
        "Winning Trades": 3,
        "Losing Trades": 3,
        "Max Profit": 9270.750414440416,
        "Max Loss": -10559.582431651143,
        "Total Profit": 1639.8968846250555
    },
    "KPITTECH.NS": {
        "Final Balance": 166610.45791089427,
        "Total Trades": 6,
        "Winning Trades": 5,
        "Losing Trades": 1,
        "Max Profit": 35530.33401260328,
        "Max Loss": -5534.173730358249,
        "Total Profit": 67332.83905320801
    },
    "LTF.NS": {
        "Final Balance": 121902.89997649842,
        "Total Trades": 6,
        "Winning Trades": 4,
        "Losing Trades": 2,
        "Max Profit": 14610.955511013395,
        "Max Loss": -5086.924214910761,
        "Total Profit": 22302.070320775434
    },
    "LUPIN.NS": {
        "Final Balance": 102032.16526099933,
        "Total Trades": 5,
        "Winning Trades": 4,
        "Losing Trades": 1,
        "Max Profit": 9646.69793018738,
        "Max Loss": -17282.922299103164,
        "Total Profit": 2631.279624587747
    },
    "MRF.NS": {
        "Final Balance": 110597.69205211634,
        "Total Trades": 5,
        "Winning Trades": 3,
        "Losing Trades": 2,
        "Max Profit": 10183.317420009102,
        "Max Loss": -1077.2082315506996,
        "Total Profit": 11284.939024400766
    },
    "MARICO.NS": {
        "Final Balance": 114649.11553648139,
        "Total Trades": 6,
        "Winning Trades": 6,
        "Losing Trades": 0,
        "Max Profit": 4072.9718670834372,
        "Max Loss": -3778.2747717230814,
        "Total Profit": 15302.830907639542
    },
    "MAXHEALTH.NS": {
        "Final Balance": 128117.79829980867,
        "Total Trades": 4,
        "Winning Trades": 4,
        "Losing Trades": 0,
        "Max Profit": 9580.925930189558,
        "Max Loss": 3065.750105559353,
        "Total Profit": 28577.69466485089
    },
    "MPHASIS.NS": {
        "Final Balance": 100014.46073241359,
        "Total Trades": 3,
        "Winning Trades": 1,