{
    "ADANIENT.NS": {
        "Final Balance": 116454.84616653578,
        "Total Trades": 8,
        "Winning Trades": 2,
        "Losing Trades": 6,
        "Max Profit": 24555.872667260788,
        "Max Loss": -6710.893318056886,
        "Total Profit": 18721.72300949227
    },
    "ADANIGREEN.NS": {
        "Final Balance": 145697.05148634582,
        "Total Trades": 5,
        "Winning Trades": 1,
        "Losing Trades": 4,
        "Max Profit": 81981.86036577297,
        "Max Loss": -13546.76654486329,
        "Total Profit": 46974.224903997645
    },
    "ADANIPORTS.NS": {
        "Final Balance": 83203.25458840272,
        "Total Trades": 9,
        "Winning Trades": 3,
        "Losing Trades": 6,
        "Max Profit": 13430.236341788026,
        "Max Loss": -23495.115793607285,
        "Total Profit": -14813.40691137765
    },
    "AMBUJACEM.NS": {
        "Final Balance": 102978.27050167441,
        "Total Trades": 9,
        "Winning Trades": 2,
        "Losing Trades": 7,
        "Max Profit": 27601.368325535732,
        "Max Loss": -7662.884180435882,
        "Total Profit": 5307.997882736614
    },
    "APOLLOHOSP.NS": {
        "Final Balance": 101848.14604448125,
        "Total Trades": 8,
        "Winning Trades": 2,
        "Losing Trades": 6,
        "Max Profit": 9284.626345270051,
        "Max Loss": -2691.8110744117585,
        "Total Profit": 3937.0298515867617
    },
    "ASIANPAINT.NS": {
        "Final Balance": 91296.6995766541,
        "Total Trades": 7,
        "Winning Trades": 1,
        "Losing Trades": 6,
        "Max Profit": 2613.8093269433884,
        "Max Loss": -3046.449679004785,
        "Total Profit": -7004.4464308295865
    },
    "AUROPHARMA.NS": {
        "Final Balance": 85048.15146713817,
        "Total Trades": 7,
        "Winning Trades": 1,
        "Losing Trades": 6,
        "Max Profit": 2684.1467579936143,
        "Max Loss": -5172.391259785945,
        "Total Profit": -13314.116346770345
    },
    "AXISBANK.NS": {
        "Final Balance": 87331.57554882651,
        "Total Trades": 11,
        "Winning Trades": 2,
        "Losing Trades": 9,
        "Max Profit": 3627.8452971437946,
        "Max Loss": -3141.3326979415724,
        "Total Profit": -10061.877734409383
    },
    "BAJAJ-AUTO.NS": {
        "Final Balance": 82147.52073808777,
        "Total Trades": 8,
        "Winning Trades": 0,
        "Losing Trades": 8,
        "Max Profit": -796.6967517376761,
        "Max Loss": -2436.6462431647524,
        "Total Profit": -16029.586076292384
    },
    "BAJFINANCE.NS": {
        "Final Balance": 92661.699760449,
        "Total Trades": 11,
        "Winning Trades": 5,
        "Losing Trades": 6,
        "Max Profit": 6807.652289709222,
        "Max Loss": -3292.9226828800747,
        "Total Profit": -4646.634877521137
    },
    "BAJAJFINSV.NS": {
        "Final Balance": 103214.77690728687,
        "Total Trades": 6,
        "Winning Trades": 3,
        "Losing Trades": 3,
        "Max Profit": 5385.290926708345,
        "Max Loss": -2145.308923472039,
        "Total Profit": 4759.153320549929
    },
    "BPCL.NS": {
        "Final Balance": 106476.03292586762,
        "Total Trades": 5,
        "Winning Trades": 3,
        "Losing Trades": 2,
        "Max Profit": 7816.930402883212,
        "Max Loss": -3468.4713240870624,
        "Total Profit": 7785.34243996127
    },
    "BHARTIARTL.NS": {
        "Final Balance": 117740.91431593386,
        "Total Trades": 6,
        "Winning Trades": 4,
        "Losing Trades": 2,
        "Max Profit": 12678.317990047217,
        "Max Loss": -1978.7664135809173,
        "Total Profit": 19310.066964482103
    },
    "BIOCON.NS": {
        "Final Balance": 113853.39759328848,
        "Total Trades": 6,
        "Winning Trades": 3,
        "Losing Trades": 3,
        "Max Profit": 15037.555747753824,
        "Max Loss": -5625.104583937267,
        "Total Profit": 15439.43449852962
    },
    "BRITANNIA.NS": {
        "Final Balance": 89881.78659637578,
        "Total Trades": 7,
        "Winning Trades": 1,
        "Losing Trades": 6,
        "Max Profit": 4943.143690681434,
        "Max Loss": -4506.264092808764,
        "Total Profit": -8429.616162849474
    },
    "CIPLA.NS": {
        "Final Balance": 90286.3337721013,
        "Total Trades": 7,
        "Winning Trades": 2,
        "Losing Trades": 5,
        "Max Profit": 2379.2876899671683,
        "Max Loss": -2665.8739255891996,
        "Total Profit": -8052.337303638371
    },
    "COALINDIA.NS": {
        "Final Balance": 91408.32814347174,
        "Total Trades": 9,
        "Winning Trades": 2,
        "Losing Trades": 7,
        "Max Profit": 4877.304898962728,
        "Max Loss": -2953.495898818801,
        "Total Profit": -6429.046114266588
    },
    "DIVISLAB.NS": {
        "Final Balance": 104515.243801281,
        "Total Trades": 4,
        "Winning Trades": 3,
        "Losing Trades": 1,
        "Max Profit": 10648.208856898156,
        "Max Loss": -9317.107430052827,
        "Total Profit": 5585.832445704029
    },
    "DRREDDY.NS": {
        "Final Balance": 99307.13460850753,
        "Total Trades": 7,
        "Winning Trades": 3,
        "Losing Trades": 4,
        "Max Profit": 3299.4228266301798,
        "Max Loss": -2338.3191112841887,
        "Total Profit": 1052.0506969951384
    },
    "EICHERMOT.NS": {
        "Final Balance": 82729.16421646762,
        "Total Trades": 9,
        "Winning Trades": 1,
        "Losing Trades": 8,
        "Max Profit": 305.69523974641925,
        "Max Loss": -2672.671205851133,
        "Total Profit": -15216.158956507745
    },
    "GRASIM.NS": {
        "Final Balance": 106562.084456146,
        "Total Trades": 6,
        "Winning Trades": 3,
        "Losing Trades": 3,
        "Max Profit": 8131.307651742478,
        "Max Loss": -2772.7265872992575,
        "Total Profit": 8103.461291160929
    },
    "HCLTECH.NS": {
        "Final Balance": 103117.17414948664,
        "Total Trades": 6,
        "Winning Trades": 3,
        "Losing Trades": 3,
        "Max Profit": 6399.087343825464,
        "Max Loss": -1969.9326345513691,
        "Total Profit": 4617.491795410577
    },
    "HDFCBANK.NS": {
        "Final Balance": 97693.43206762831,
        "Total Trades": 9,
        "Winning Trades": 4,
        "Losing Trades": 5,
        "Max Profit": 5440.037229040579,
        "Max Loss": -2154.446519354504,
        "Total Profit": -61.04558774133329
    },
    "HDFCLIFE.NS": {
        "Final Balance": 90424.14445999055,
        "Total Trades": 6,
        "Winning Trades": 1,
        "Losing Trades": 5,
        "Max Profit": 1001.3531388277479,
        "Max Loss": -2927.889903654519,
        "Total Profit": -8158.554858178191
    },
    "HEROMOTOCO.NS": {
        "Final Balance": 88385.90462160081,
        "Total Trades": 6,
        "Winning Trades": 1,
        "Losing Trades": 5,
        "Max Profit": 2179.723576336546,
        "Max Loss": -3017.6226848168008,
        "Total Profit": -10200.025898390712
    },
    "HINDALCO.NS": {
        "Final Balance": 89633.00345175885,
        "Total Trades": 8,
        "Winning Trades": 3,
        "Losing Trades": 5,
        "Max Profit": 2484.22843440657,
        "Max Loss": -2706.4780179325608,
        "Total Profit": -8476.90686782953
    },
    "HINDUNILVR.NS": {
        "Final Balance": 98694.48738064631,
        "Total Trades": 8,
        "Winning Trades": 3,
        "Losing Trades": 5,
        "Max Profit": 8182.864079598978,
        "Max Loss": -3058.2836069223704,
        "Total Profit": 714.1973299961246
    },
    "ICICIBANK.NS": {
        "Final Balance": 99868.24091857849,
        "Total Trades": 10,
        "Winning Trades": 3,
        "Losing Trades": 7,
        "Max Profit": 10001.693600118917,
        "Max Loss": -2291.496261961176,
        "Total Profit": 2453.5194489950954
    },
    "INDUSINDBK.NS": {
        "Final Balance": 85139.3393573625,
        "Total Trades": 7,