{
    "ADANIENT.NS": {
        "Final Balance": 14696.644883357509,
        "Total Trades": 10,
        "Winning Trades": 2,
        "Losing Trades": 8,
        "Max Profit": 155.8611267511751,
        "Max Loss": -75.41145409513683,
        "Total Profit": -127.09962140055177
    },
    "ADANIGREEN.NS": {
        "Final Balance": 14646.693187161578,
        "Total Trades": 13,
        "Winning Trades": 2,
        "Losing Trades": 11,
        "Max Profit": 302.07614749394907,
        "Max Loss": -114.99759705605811,
        "Total Profit": -119.69619541820066
    },
    "ADANIPORTS.NS": {
        "Final Balance": 14889.822523294155,
        "Total Trades": 7,
        "Winning Trades": 2,
        "Losing Trades": 5,
        "Max Profit": 155.72769367055844,
        "Max Loss": -152.42523256049935,
        "Total Profit": -18.340341823180097
    },
    "AMBUJACEM.NS": {
        "Final Balance": 14663.806190291521,
        "Total Trades": 10,
        "Winning Trades": 2,
        "Losing Trades": 8,
        "Max Profit": 128.9770689998586,
        "Max Loss": -78.80700076300354,
        "Total Profit": -167.44852444219032
    },
    "APOLLOHOSP.NS": {
        "Final Balance": 15562.671668734176,
        "Total Trades": 9,
        "Winning Trades": 4,
        "Losing Trades": 5,
        "Max Profit": 451.32878026359595,
        "Max Loss": -53.38797751945822,
        "Total Profit": 741.4997352188984
    },
    "ASIANPAINT.NS": {
        "Final Balance": 14361.71377826033,
        "Total Trades": 8,
        "Winning Trades": 0,
        "Losing Trades": 8,
        "Max Profit": -27.06092604425612,
        "Max Loss": -146.91906549372288,
        "Total Profit": -478.2862217396705
    },
    "AUROPHARMA.NS": {
        "Final Balance": 14464.286740439004,
        "Total Trades": 8,
        "Winning Trades": 0,
        "Losing Trades": 8,
        "Max Profit": -23.55072819151792,
        "Max Loss": -91.96899516235317,
        "Total Profit": -382.23773603045083
    },
    "AXISBANK.NS": {
        "Final Balance": 13739.00353765894,
        "Total Trades": 24,
        "Winning Trades": 3,
        "Losing Trades": 21,
        "Max Profit": 163.96542899599808,
        "Max Loss": -178.03424065000945,
        "Total Profit": -780.9964623410597
    },
    "BAJAJ-AUTO.NS": {
        "Final Balance": 14993.7074434459,
        "Total Trades": 4,
        "Winning Trades": 1,
        "Losing Trades": 3,
        "Max Profit": 154.11639414776891,
        "Max Loss": -40.22482059173126,
        "Total Profit": 55.92308936346217
    },
    "BAJFINANCE.NS": {
        "Final Balance": 3173.5184520362727,
        "Total Trades": 15,
        "Winning Trades": 3,
        "Losing Trades": 12,
        "Max Profit": 151.24899827728586,
        "Max Loss": -164.8282049021018,
        "Total Profit": -300.51026540553903
    },
    "BAJAJFINSV.NS": {
        "Final Balance": 14165.756586832325,
        "Total Trades": 19,
        "Winning Trades": 3,
        "Losing Trades": 16,
        "Max Profit": 196.80063223044635,
        "Max Loss": -109.06303343976106,
        "Total Profit": -456.4456924414535
    },
    "BPCL.NS": {
        "Final Balance": 14509.53716560306,
        "Total Trades": 11,
        "Winning Trades": 2,
        "Losing Trades": 9,
        "Max Profit": 163.8753264314928,
        "Max Loss": -136.4114527803904,
        "Total Profit": -279.1509308375289
    },
    "BHARTIARTL.NS": {
        "Final Balance": 14980.034451122357,
        "Total Trades": 19,
        "Winning Trades": 5,
        "Losing Trades": 14,
        "Max Profit": 276.17086167909656,
        "Max Loss": -82.1357226026048,
        "Total Profit": 360.0344511223575
    },
    "BIOCON.NS": {
        "Final Balance": 14892.977488084241,
        "Total Trades": 9,
        "Winning Trades": 3,
        "Losing Trades": 6,
        "Max Profit": 169.23410885880003,
        "Max Loss": -162.00881203287008,
        "Total Profit": 64.98566797523836
    },
    "BRITANNIA.NS": {
        "Final Balance": 14535.702578635162,
        "Total Trades": 9,
        "Winning Trades": 1,
        "Losing Trades": 8,
        "Max Profit": 137.47386086125152,
        "Max Loss": -98.84613996653025,
        "Total Profit": -289.2116217434159
    },
    "CIPLA.NS": {
        "Final Balance": 14441.314897281849,
        "Total Trades": 9,
        "Winning Trades": 1,
        "Losing Trades": 8,
        "Max Profit": 150.69441856861886,
        "Max Loss": -125.76598750134144,
        "Total Profit": -385.25796295564214
    },
    "COALINDIA.NS": {
        "Final Balance": 13551.944034740423,
        "Total Trades": 13,
        "Winning Trades": 0,
        "Losing Trades": 13,
        "Max Profit": -34.68447722624842,
        "Max Loss": -268.9816448489273,
        "Total Profit": -1191.9074712303855
    },
    "DIVISLAB.NS": {
        "Final Balance": 14392.327196999122,
        "Total Trades": 18,
        "Winning Trades": 4,
        "Losing Trades": 14,
        "Max Profit": 217.40183730480567,
        "Max Loss": -230.67152968132723,
        "Total Profit": -267.4592141785597
    },
    "DRREDDY.NS": {
        "Final Balance": 14280.936559239199,
        "Total Trades": 21,
        "Winning Trades": 4,
        "Losing Trades": 17,
        "Max Profit": 150.83945563523957,
        "Max Loss": -115.38468438970722,
        "Total Profit": -323.44103791287444
    },
    "EICHERMOT.NS": {
        "Final Balance": 14390.017584207484,
        "Total Trades": 13,
        "Winning Trades": 1,
        "Losing Trades": 12,
        "Max Profit": 139.15048772066893,
        "Max Loss": -108.9236965981645,
        "Total Profit": -361.67210079722827
    },
    "GRASIM.NS": {
        "Final Balance": 14636.104102115303,
        "Total Trades": 12,
        "Winning Trades": 3,
        "Losing Trades": 9,
        "Max Profit": 167.498505736261,
        "Max Loss": -106.7463734178491,
        "Total Profit": -123.89589788469675
    },
    "HCLTECH.NS": {
        "Final Balance": 14683.456972569023,
        "Total Trades": 14,
        "Winning Trades": 3,
        "Losing Trades": 11,
        "Max Profit": 272.8510067204352,
        "Max Loss": -86.07733128932705,
        "Total Profit": -36.54302743097651
    },
    "HDFCBANK.NS": {
        "Final Balance": 15100.445943079025,
        "Total Trades": 9,
        "Winning Trades": 4,
        "Losing Trades": 5,
        "Max Profit": 295.8628756247617,
        "Max Loss": -173.77999558512965,
        "Total Profit": 280.4459430790248
    },
    "HDFCLIFE.NS": {
        "Final Balance": 14171.245492275864,
        "Total Trades": 14,
        "Winning Trades": 1,
        "Losing Trades": 13,
        "Max Profit": 131.04588858417264,
        "Max Loss": -93.32579560992599,
        "Total Profit": -551.6205110371866
    },
    "HEROMOTOCO.NS": {
        "Final Balance": 14746.37212704061,
        "Total Trades": 10,
        "Winning Trades": 2,
        "Losing Trades": 8,
        "Max Profit": 168.5350233987483,
        "Max Loss": -57.16893584513673,
        "Total Profit": -53.627872959390515
    },
    "HINDALCO.NS": {
        "Final Balance": 14458.70998527359,
        "Total Trades": 17,
        "Winning Trades": 4,
        "Losing Trades": 13,
        "Max Profit": 154.69425011571911,
        "Max Loss": -111.39626516877615,
        "Total Profit": -204.79386955457994
    },
    "HINDUNILVR.NS": {
        "Final Balance": 14168.334166109566,
        "Total Trades": 18,
        "Winning Trades": 2,
        "Losing Trades": 16,
        "Max Profit": 220.0307407382188,
        "Max Loss": -107.7908936597978,
        "Total Profit": -471.66583389043444
    },
    "ICICIBANK.NS": {
        "Final Balance": 14583.719471404407,
        "Total Trades": 13,
        "Winning Trades": 2,
        "Losing Trades": 11,
        "Max Profit": 321.4526458633936,
        "Max Loss": -125.53838298984374,
        "Total Profit": -156.28052859559284
    },