{
    "ADANIENT.NS": {
        "Final Balance": 146494.14780569173,
        "Total Trades": 7,
        "Winning Trades": 5,
        "Losing Trades": 2,
        "Max Profit": 54900.268059845206,
        "Max Loss": -29229.899704979092,
        "Total Profit": 47516.170685649064
    },
    "ADANIGREEN.NS": {
        "Final Balance": 114106.80276833229,
        "Total Trades": 8,
        "Winning Trades": 5,
        "Losing Trades": 3,
        "Max Profit": 9676.240974817454,
        "Max Loss": -7831.078817948961,
        "Total Profit": 14763.524012720558
    },
    "ADANIPORTS.NS": {
        "Final Balance": 134018.97239703438,
        "Total Trades": 8,
        "Winning Trades": 6,
        "Losing Trades": 2,
        "Max Profit": 12452.376648458434,
        "Max Loss": -8243.860871768135,
        "Total Profit": 35039.8227384552
    }
}