{
    "ACC.NS": {
        "Final Balance": 96856.53697740291,
        "Total Trades": 6,
        "Winning Trades": 4,
        "Losing Trades": 2,
        "Max Profit": 8519.140620993308,
        "Max Loss": -12974.997254527661,
        "Total Profit": -2484.826014008391
    },
    "APLAPOLLO.NS": {
        "Final Balance": 139184.3058973087,
        "Total Trades": 7,
        "Winning Trades": 6,
        "Losing Trades": 1,
        "Max Profit": 10631.38140870948,
        "Max Loss": -7284.682305283324,
        "Total Profit": 39874.1588512544
    },
    "AUBANK.NS": {
        "Final Balance": 94097.76536819493,
        "Total Trades": 7,
        "Winning Trades": 4,
        "Losing Trades": 3,
        "Max Profit": 8245.042731752248,
        "Max Loss": -15455.32532310052,
        "Total Profit": -5251.008643816678
    },
    "ABCAPITAL.NS": {
        "Final Balance": 159476.83192366612,
        "Total Trades": 5,
        "Winning Trades": 4,
        "Losing Trades": 1,
        "Max Profit": 25995.337197489775,
        "Max Loss": -4073.409823968941,
        "Total Profit": 60226.11074019311
    },
    "ALKEM.NS": {
        "Final Balance": 116558.88551851264,
        "Total Trades": 5,
        "Winning Trades": 5,
        "Losing Trades": 0,
        "Max Profit": 10359.76357227804,
        "Max Loss": -5535.7049210292025,
        "Total Profit": 17213.634856677272
    },
    "ASHOKLEY.NS": {
        "Final Balance": 112526.43189255754,
        "Total Trades": 7,
        "Winning Trades": 5,
        "Losing Trades": 2,
        "Max Profit": 6815.4873931063485,
        "Max Loss": -1842.1416276295095,
        "Total Profit": 12941.16733677711
    },
    "ASTRAL.NS": {
        "Final Balance": 117735.77727964352,
        "Total Trades": 4,
        "Winning Trades": 2,
        "Losing Trades": 2,
        "Max Profit": 26173.786970203255,
        "Max Loss": -7012.842000538123,
        "Total Profit": 18161.460465055894
    },
    "AUROPHARMA.NS": {
        "Final Balance": 109908.54462782771,
        "Total Trades": 5,
        "Winning Trades": 3,
        "Losing Trades": 2,
        "Max Profit": 21350.48782695567,
        "Max Loss": -12535.658288750914,
        "Total Profit": 10454.283893731528
    },
    "BHARATFORG.NS": {
        "Final Balance": 141523.02721561294,
        "Total Trades": 8,
        "Winning Trades": 7,
        "Losing Trades": 1,
        "Max Profit": 22230.661852271573,
        "Max Loss": -5225.572444399324,
        "Total Profit": 42416.96178470348
    },
    "CGPOWER.NS": {
        "Final Balance": 114462.8201922453,
        "Total Trades": 2,
        "Winning Trades": 2,
        "Losing Trades": 0,
        "Max Profit": 12947.66074713548,
        "Max Loss": 1722.4026128055702,
        "Total Profit": 14670.06335994105
    },
    "COLPAL.NS": {
        "Final Balance": 100927.84742607072,
        "Total Trades": 2,
        "Winning Trades": 1,
        "Losing Trades": 1,
        "Max Profit": 2813.0275498636274,
        "Max Loss": -1813.4006257749788,
        "Total Profit": 999.6269240886486
    },
    "CONCOR.NS": {
        "Final Balance": 102586.73544654608,
        "Total Trades": 4,
        "Winning Trades": 3,
        "Losing Trades": 1,
        "Max Profit": 10210.101016917528,
        "Max Loss": -9913.046905103343,
        "Total Profit": 2928.7577582632402
    },
    "CUMMINSIND.NS": {
        "Final Balance": 109465.15272784699,
        "Total Trades": 4,
        "Winning Trades": 4,
        "Losing Trades": 0,
        "Max Profit": 3531.964582921133,
        "Max Loss": -203.34119381543132,
        "Total Profit": 9827.122824490794
    },
    "DIXON.NS": {
        "Final Balance": 120001.44450314736,
        "Total Trades": 6,
        "Winning Trades": 4,
        "Losing Trades": 2,
        "Max Profit": 17097.09960637312,
        "Max Loss": -20124.374270477536,
        "Total Profit": 20662.410202718638
    },
    "FEDERALBNK.NS": {
        "Final Balance": 141632.2373833583,
        "Total Trades": 6,
        "Winning Trades": 5,
        "Losing Trades": 1,
        "Max Profit": 12961.824671750801,
        "Max Loss": -5432.104498710894,
        "Total Profit": 42420.09641140823
    },
    "GMRAIRPORT.NS": {
        "Final Balance": 145343.20992493007,
        "Total Trades": 8,
        "Winning Trades": 7,
        "Losing Trades": 1,
        "Max Profit": 17172.528582733547,
        "Max Loss": -6199.453941831191,
        "Total Profit": 46252.01334281362
    },
    "GODREJPROP.NS": {
        "Final Balance": 126024.82957800373,
        "Total Trades": 4,
        "Winning Trades": 3,
        "Losing Trades": 1,
        "Max Profit": 19621.23657975578,
        "Max Loss": -6430.103480753889,
        "Total Profit": 26403.22978420226
    },
    "HDFCAMC.NS": {
        "Final Balance": 103038.42682518213,
        "Total Trades": 4,
        "Winning Trades": 2,
        "Losing Trades": 2,
        "Max Profit": 8905.72487241961,
        "Max Loss": -4080.7299971147295,
        "Total Profit": 3293.564759927911
    },
    "HINDPETRO.NS": {
        "Final Balance": 107504.42131144354,
        "Total Trades": 5,
        "Winning Trades": 3,
        "Losing Trades": 2,
        "Max Profit": 3018.649722719656,
        "Max Loss": -619.3816792560356,
        "Total Profit": 7687.888261594455
    },
    "IDFCFIRSTB.NS": {
        "Final Balance": 100494.4432100877,
        "Total Trades": 7,
        "Winning Trades": 4,
        "Losing Trades": 3,
        "Max Profit": 8343.157200305504,
        "Max Loss": -9503.3147815634,
        "Total Profit": 1298.9093576629457
    },
    "INDHOTEL.NS": {
        "Final Balance": 136903.95627610272,
        "Total Trades": 6,
        "Winning Trades": 5,
        "Losing Trades": 1,
        "Max Profit": 20214.718468894353,
        "Max Loss": -19090.21879750913,
        "Total Profit": 37509.42429479219
    },
    "INDUSTOWER.NS": {
        "Final Balance": 101233.91491116586,
        "Total Trades": 6,
        "Winning Trades": 3,
        "Losing Trades": 3,
        "Max Profit": 9270.750414873,
        "Max Loss": -10559.582432143863,
        "Total Profit": 1639.8968890676533
    },
    "KPITTECH.NS": {
        "Final Balance": 166610.4530615278,
        "Total Trades": 6,
        "Winning Trades": 5,
        "Losing Trades": 1,
        "Max Profit": 35530.33297628804,
        "Max Loss": -5534.176125389593,
        "Total Profit": 67332.83419673501
    },
    "LTF.NS": {
        "Final Balance": 121902.89855693054,
        "Total Trades": 6,
        "Winning Trades": 4,
        "Losing Trades": 2,
        "Max Profit": 14610.953869393452,
        "Max Loss": -5086.924554742674,
        "Total Profit": 22302.068910687965
    },
    "LUPIN.NS": {
        "Final Balance": 102032.16813485413,
        "Total Trades": 5,
        "Winning Trades": 4,
        "Losing Trades": 1,
        "Max Profit": 9646.699078660124,
        "Max Loss": -17282.92020430974,
        "Total Profit": 2631.2824875435836
    },
    "MRF.NS": {
        "Final Balance": 110597.69208787872,
        "Total Trades": 5,
        "Winning Trades": 3,
        "Losing Trades": 2,
        "Max Profit": 10183.31679488186,
        "Max Loss": -1077.2084892978164,
        "Total Profit": 11284.939170398378
    },
    "MARICO.NS": {
        "Final Balance": 114649.11628620251,
        "Total Trades": 6,
        "Winning Trades": 6,
        "Losing Trades": 0,
        "Max Profit": 4072.973919946253,
        "Max Loss": -3778.2747964302253,
        "Total Profit": 15302.831659022024
    },
    "MAXHEALTH.NS": {
        "Final Balance": 128117.79599369016,
        "Total Trades": 4,
        "Winning Trades": 4,
        "Losing Trades": 0,
        "Max Profit": 9580.925757871897,
        "Max Loss": 3065.7500503759366,
        "Total Profit": 28577.692322896844
    },
    "MPHASIS.NS": {
        "Final Balance": 100014.74658155735,
        "Total Trades": 3,
        "Winning Trades": 1,
        "Losing Trades": 2,