{
    "ACC.NS": {
        "Final Balance": 74021.32306194381,
        "Total Trades": 609,
        "Winning Trades": 316,
        "Losing Trades": 293,
        "Max Profit": 5025.860372520481,
        "Max Loss": -7799.736984653908,
        "Total Profit": -272.36259063536454
    },
    "APLAPOLLO.NS": {
        "Final Balance": 101570.83899326553,
        "Total Trades": 609,
        "Winning Trades": 318,
        "Losing Trades": 291,
        "Max Profit": 4478.505057571332,
        "Max Loss": -4510.561058207495,
        "Total Profit": 32486.34540643725
    },
    "AUBANK.NS": {
        "Final Balance": 57630.94227591757,
        "Total Trades": 609,
        "Winning Trades": 294,
        "Losing Trades": 315,
        "Max Profit": 5263.070404114245,
        "Max Loss": -4932.346506872076,
        "Total Profit": -19030.593973068684
    },
    "ABCAPITAL.NS": {
        "Final Balance": 87457.24331616116,
        "Total Trades": 609,
        "Winning Trades": 302,
        "Losing Trades": 307,
        "Max Profit": 4408.776277805431,
        "Max Loss": -4879.1166533166615,
        "Total Profit": 12793.783898708072
    },
    "ALKEM.NS": {
        "Final Balance": 72615.67589345414,
        "Total Trades": 609,
        "Winning Trades": 296,
        "Losing Trades": 313,
        "Max Profit": 2891.242921068966,
        "Max Loss": -4160.7702903629615,
        "Total Profit": -3191.874894747276
    },
    "ASHOKLEY.NS": {
        "Final Balance": 89520.28616492513,
        "Total Trades": 609,
        "Winning Trades": 308,
        "Losing Trades": 301,
        "Max Profit": 3266.5108312798257,
        "Max Loss": -5349.319874147521,
        "Total Profit": 3583.1343471696073
    },
    "ASTRAL.NS": {
        "Final Balance": 82255.61234214652,
        "Total Trades": 609,
        "Winning Trades": 309,
        "Losing Trades": 300,
        "Max Profit": 6762.023063684828,
        "Max Loss": -6178.6933344491845,
        "Total Profit": 16868.2939901626
    },
    "AUROPHARMA.NS": {
        "Final Balance": 69706.96364748967,
        "Total Trades": 607,
        "Winning Trades": 282,
        "Losing Trades": 325,
        "Max Profit": 2994.466026881528,
        "Max Loss": -2960.6456691643834,
        "Total Profit": -5999.4023296778705
    },
    "BHARATFORG.NS": {
        "Final Balance": 92813.57784758482,
        "Total Trades": 609,
        "Winning Trades": 322,
        "Losing Trades": 287,
        "Max Profit": 7532.198124658207,
        "Max Loss": -8536.21738255048,
        "Total Profit": 18342.86658544604
    },
    "CGPOWER.NS": {
        "Final Balance": 159692.8237503479,
        "Total Trades": 603,
        "Winning Trades": 311,
        "Losing Trades": 292,
        "Max Profit": 4630.3107554520975,
        "Max Loss": -4216.583716695372,
        "Total Profit": 95020.73413062148
    },
    "COLPAL.NS": {
        "Final Balance": 82002.58922402604,
        "Total Trades": 609,
        "Winning Trades": 281,
        "Losing Trades": 328,
        "Max Profit": 2722.5679686748117,
        "Max Loss": -2773.1504909647847,
        "Total Profit": -1314.5575637820348
    },
    "CONCOR.NS": {
        "Final Balance": 87503.8419051827,
        "Total Trades": 609,
        "Winning Trades": 312,
        "Losing Trades": 297,
        "Max Profit": 3127.0238287060492,
        "Max Loss": -8925.381829019949,
        "Total Profit": 6881.679474263121
    },
    "CUMMINSIND.NS": {
        "Final Balance": 94157.63301826364,
        "Total Trades": 609,
        "Winning Trades": 290,
        "Losing Trades": 319,
        "Max Profit": 3557.7028002957813,
        "Max Loss": -5837.511669673091,
        "Total Profit": 14528.349450525171
    },
    "DIXON.NS": {
        "Final Balance": 127827.09744354957,
        "Total Trades": 609,
        "Winning Trades": 334,
        "Losing Trades": 275,
        "Max Profit": 6030.982237792996,
        "Max Loss": -7539.362940354891,
        "Total Profit": 60912.768522532395
    },
    "FEDERALBNK.NS": {
        "Final Balance": 87032.50808018116,
        "Total Trades": 609,
        "Winning Trades": 302,
        "Losing Trades": 307,
        "Max Profit": 2750.6419151674636,
        "Max Loss": -3829.5225561671396,
        "Total Profit": 11357.51335518717
    },
    "GMRAIRPORT.NS": {
        "Final Balance": 101565.34215746736,
        "Total Trades": 609,
        "Winning Trades": 310,
        "Losing Trades": 299,
        "Max Profit": 5800.70962772621,
        "Max Loss": -6068.573144619411,
        "Total Profit": 29707.882415372096
    },
    "GODREJPROP.NS": {
        "Final Balance": 77250.73680491274,
        "Total Trades": 609,
        "Winning Trades": 310,
        "Losing Trades": 299,
        "Max Profit": 5875.067803346348,
        "Max Loss": -4929.070202221177,
        "Total Profit": 2547.1072066126944
    },
    "HDFCAMC.NS": {
        "Final Balance": 91704.11626284971,
        "Total Trades": 609,
        "Winning Trades": 297,
        "Losing Trades": 312,
        "Max Profit": 3824.224340069468,
        "Max Loss": -6141.370789928042,
        "Total Profit": 9011.385045159826
    },
    "HINDPETRO.NS": {
        "Final Balance": 105098.87267016855,
        "Total Trades": 609,
        "Winning Trades": 314,
        "Losing Trades": 295,
        "Max Profit": 2631.9536518660025,
        "Max Loss": -5288.026221464683,
        "Total Profit": 16441.822666623768
    },
    "IDFCFIRSTB.NS": {
        "Final Balance": 55311.605461836894,
        "Total Trades": 609,
        "Winning Trades": 285,
        "Losing Trades": 324,
        "Max Profit": 4542.335735477456,
        "Max Loss": -4283.1961609033315,
        "Total Profit": -19889.316404111283
    },
    "INDHOTEL.NS": {
        "Final Balance": 156965.32294851384,
        "Total Trades": 609,
        "Winning Trades": 318,
        "Losing Trades": 291,
        "Max Profit": 6222.146399036297,
        "Max Loss": -7544.023874177001,
        "Total Profit": 95291.66824276894
    },
    "INDUSTOWER.NS": {
        "Final Balance": 81524.81778596895,
        "Total Trades": 609,
        "Winning Trades": 300,
        "Losing Trades": 309,
        "Max Profit": 2988.4518656416476,
        "Max Loss": -6585.590468645103,
        "Total Profit": -1489.1851391810942
    },
    "KPITTECH.NS": {
        "Final Balance": 138803.80131085112,
        "Total Trades": 609,
        "Winning Trades": 316,
        "Losing Trades": 293,
        "Max Profit": 6277.601136453806,
        "Max Loss": -8821.769601543194,
        "Total Profit": 68201.57206030792
    },
    "LTF.NS": {
        "Final Balance": 81336.8685024591,
        "Total Trades": 609,
        "Winning Trades": 317,
        "Losing Trades": 292,
        "Max Profit": 3198.64522627111,
        "Max Loss": -3097.9933568731394,
        "Total Profit": 582.2943059345489
    },
    "LUPIN.NS": {
        "Final Balance": 83955.77597016614,
        "Total Trades": 609,
        "Winning Trades": 311,
        "Losing Trades": 298,
        "Max Profit": 3478.703383227192,
        "Max Loss": -4058.6335282474465,
        "Total Profit": 12997.474322672973
    },
    "MRF.NS": {
        "Final Balance": 78459.2552511821,
        "Total Trades": 609,
        "Winning Trades": 298,
        "Losing Trades": 311,
        "Max Profit": 4670.116689873277,
        "Max Loss": -4313.990071815475,
        "Total Profit": 19236.265291300933
    },
    "MARICO.NS": {
        "Final Balance": 58650.90080257696,
        "Total Trades": 609,
        "Winning Trades": 264,
        "Losing Trades": 345,
        "Max Profit": 3238.8897094391577,
        "Max Loss": -2221.6401612552836,
        "Total Profit": -21994.276527932983
    },
    "MAXHEALTH.NS": {
        "Final Balance": 111889.0891869298,
        "Total Trades": 525,
        "Winning Trades": 262,
        "Losing Trades": 263,
        "Max Profit": 5646.6586574385365,
        "Max Loss": -3410.339933024712,