{
    "ACC.NS": {
        "Final Balance": 96856.53845653367,
        "Total Trades": 6,
        "Winning Trades": 4,
        "Losing Trades": 2,
        "Max Profit": 8519.14377225942,
        "Max Loss": -12974.999920132912,
        "Total Profit": -2484.824430009623
    },
    "APLAPOLLO.NS": {
        "Final Balance": 139184.3054018073,
        "Total Trades": 7,
        "Winning Trades": 6,
        "Losing Trades": 1,
        "Max Profit": 10631.381340565778,
        "Max Loss": -7284.682428837012,
        "Total Profit": 39874.1583473341
    },
    "AUBANK.NS": {
        "Final Balance": 94097.76069620831,
        "Total Trades": 7,
        "Winning Trades": 4,
        "Losing Trades": 3,
        "Max Profit": 8245.041822309584,
        "Max Loss": -15455.327672518986,
        "Total Profit": -5251.013360759662
    },
    "ABCAPITAL.NS": {
        "Final Balance": 159476.83192366612,
        "Total Trades": 5,
        "Winning Trades": 4,
        "Losing Trades": 1,
        "Max Profit": 25995.337197489775,
        "Max Loss": -4073.409823968941,
        "Total Profit": 60226.11074019311
    },
    "ALKEM.NS": {
        "Final Balance": 116558.88001328983,
        "Total Trades": 5,
        "Winning Trades": 5,
        "Losing Trades": 0,
        "Max Profit": 10359.7610659177,
        "Max Loss": -5535.704659576011,
        "Total Profit": 17213.62919357552
    },
    "ASHOKLEY.NS": {
        "Final Balance": 112526.43124204039,
        "Total Trades": 7,
        "Winning Trades": 5,
        "Losing Trades": 2,
        "Max Profit": 6815.487353705903,
        "Max Loss": -1842.1418123463063,
        "Total Profit": 12941.166680843713
    },
    "ASTRAL.NS": {
        "Final Balance": 117735.77149504755,
        "Total Trades": 4,
        "Winning Trades": 2,
        "Losing Trades": 2,
        "Max Profit": 26173.784679690805,
        "Max Loss": -7012.844956411667,
        "Total Profit": 18161.454707672005
    },
    "AUROPHARMA.NS": {
        "Final Balance": 109908.5394733436,
        "Total Trades": 5,
        "Winning Trades": 3,
        "Losing Trades": 2,
        "Max Profit": 21350.48941780836,
        "Max Loss": -12535.662709292366,
        "Total Profit": 10454.27870818166
    },
    "BHARATFORG.NS": {
        "Final Balance": 141523.03172763987,
        "Total Trades": 8,
        "Winning Trades": 7,
        "Losing Trades": 1,
        "Max Profit": 22230.66628757301,
        "Max Loss": -5225.572610983494,
        "Total Profit": 42416.9663889637
    },
    "CGPOWER.NS": {
        "Final Balance": 114462.8201922453,
        "Total Trades": 2,
        "Winning Trades": 2,
        "Losing Trades": 0,
        "Max Profit": 12947.66074713548,
        "Max Loss": 1722.4026128055702,
        "Total Profit": 14670.06335994105
    },
    "COLPAL.NS": {
        "Final Balance": 100926.23149541623,
        "Total Trades": 2,
        "Winning Trades": 1,
        "Losing Trades": 1,
        "Max Profit": 2684.7817729199105,
        "Max Loss": -1690.939371363038,
        "Total Profit": 993.8424015568726
    },
    "CONCOR.NS": {
        "Final Balance": 102586.73425683459,
        "Total Trades": 4,
        "Winning Trades": 3,
        "Losing Trades": 1,
        "Max Profit": 10210.100493982987,
        "Max Loss": -9913.0467894283,
        "Total Profit": 2928.75650330976
    },
    "CUMMINSIND.NS": {
        "Final Balance": 109465.15294049284,
        "Total Trades": 4,
        "Winning Trades": 4,
        "Losing Trades": 0,
        "Max Profit": 3531.9639106609757,
        "Max Loss": -203.34119421045034,
        "Total Profit": 9827.123060766797
    },
    "DIXON.NS": {
        "Final Balance": 120001.44520632614,
        "Total Trades": 6,
        "Winning Trades": 4,
        "Losing Trades": 2,
        "Max Profit": 17097.099709600472,
        "Max Loss": -20124.373021544947,
        "Total Profit": 20662.41089468881
    },
    "FEDERALBNK.NS": {
        "Final Balance": 141632.23908591832,
        "Total Trades": 6,
        "Winning Trades": 5,
        "Losing Trades": 1,
        "Max Profit": 12961.824827564807,
        "Max Loss": -5432.103582343363,
        "Total Profit": 42420.09811842776
    },
    "GMRAIRPORT.NS": {
        "Final Balance": 145343.20992493007,
        "Total Trades": 8,
        "Winning Trades": 7,
        "Losing Trades": 1,
        "Max Profit": 17172.528582733547,
        "Max Loss": -6199.453941831191,
        "Total Profit": 46252.01334281362
    },
    "GODREJPROP.NS": {
        "Final Balance": 126024.82957800373,
        "Total Trades": 4,
        "Winning Trades": 3,
        "Losing Trades": 1,
        "Max Profit": 19621.23657975578,
        "Max Loss": -6430.103480753889,
        "Total Profit": 26403.22978420226
    },
    "HDFCAMC.NS": {
        "Final Balance": 103038.42695924763,
        "Total Trades": 4,
        "Winning Trades": 2,
        "Losing Trades": 2,
        "Max Profit": 8905.724884007046,
        "Max Loss": -4080.7298716023906,
        "Total Profit": 3293.5648927045095
    },
    "HINDPETRO.NS": {
        "Final Balance": 107504.42140464814,
        "Total Trades": 5,
        "Winning Trades": 3,
        "Losing Trades": 2,
        "Max Profit": 3018.649725337913,
        "Max Loss": -619.3816801850589,
        "Total Profit": 7687.888356199809
    },
    "IDFCFIRSTB.NS": {
        "Final Balance": 100494.4432100877,
        "Total Trades": 7,
        "Winning Trades": 4,
        "Losing Trades": 3,
        "Max Profit": 8343.157200305504,
        "Max Loss": -9503.3147815634,
        "Total Profit": 1298.9093576629457
    },
    "INDHOTEL.NS": {
        "Final Balance": 136903.95691028592,
        "Total Trades": 6,
        "Winning Trades": 5,
        "Losing Trades": 1,
        "Max Profit": 20214.71856253506,
        "Max Loss": -19090.217281154502,
        "Total Profit": 37509.42490138969
    },
    "INDUSTOWER.NS": {
        "Final Balance": 101233.91490137322,
        "Total Trades": 6,
        "Winning Trades": 3,
        "Losing Trades": 3,
        "Max Profit": 9270.75041397621,
        "Max Loss": -10559.582431122406,
        "Total Profit": 1639.8968799343893
    },
    "KPITTECH.NS": {
        "Final Balance": 166610.4588790385,
        "Total Trades": 6,
        "Winning Trades": 5,
        "Losing Trades": 1,
        "Max Profit": 35530.33561182968,
        "Max Loss": -5534.175601946925,
        "Total Profit": 67332.84006268386
    },
    "LTF.NS": {
        "Final Balance": 121902.89988748846,
        "Total Trades": 6,
        "Winning Trades": 4,
        "Losing Trades": 2,
        "Max Profit": 14610.954029539062,
        "Max Loss": -5086.923773138824,
        "Total Profit": 22302.070237340125
    },
    "LUPIN.NS": {
        "Final Balance": 102032.1749168486,
        "Total Trades": 5,
        "Winning Trades": 4,
        "Losing Trades": 1,
        "Max Profit": 9646.698191445372,
        "Max Loss": -17282.91371714892,
        "Total Profit": 2631.2892908947906
    },
    "MRF.NS": {
        "Final Balance": 110597.69375025664,
        "Total Trades": 5,
        "Winning Trades": 3,
        "Losing Trades": 2,
        "Max Profit": 10183.319286621278,
        "Max Loss": -1077.2085465650161,
        "Total Profit": 11284.940961147979
    },
    "MARICO.NS": {
        "Final Balance": 114649.11670880216,
        "Total Trades": 6,
        "Winning Trades": 6,
        "Losing Trades": 0,
        "Max Profit": 4072.9733718889875,
        "Max Loss": -3778.2748103570484,
        "Total Profit": 15302.832093947301
    },
    "MAXHEALTH.NS": {
        "Final Balance": 128117.79829980867,
        "Total Trades": 4,
        "Winning Trades": 4,
        "Losing Trades": 0,
        "Max Profit": 9580.925930189558,
        "Max Loss": 3065.750105559353,
        "Total Profit": 28577.69466485089
    },
    "MPHASIS.NS": {
        "Final Balance": 100014.46054607639,
        "Total Trades": 3,
        "Winning Trades": 1,
        "Losing Trades": 2,