{
    "ADANIENT.NS": {
        "Final Balance": 98138.80415492968,
        "Total Trades": 4,
        "Winning Trades": 2,
        "Losing Trades": 2,
        "Max Profit": 11249.247524795006,
        "Max Loss": -12474.485775861667,
        "Total Profit": -1687.4661360754071
    },
    "ADANIGREEN.NS": {
        "Final Balance": 89830.26918113304,
        "Total Trades": 3,
        "Winning Trades": 2,
        "Losing Trades": 1,
        "Max Profit": 7830.051693242887,
        "Max Loss": -12776.59366887917,
        "Total Profit": -10060.072011009892
    },
    "ADANIPORTS.NS": {
        "Final Balance": 114855.41272339867,
        "Total Trades": 4,
        "Winning Trades": 4,
        "Losing Trades": 0,
        "Max Profit": 4074.949052846123,
        "Max Loss": 1150.096912432149,
        "Total Profit": 14993.373946134832
    },
    "AMBUJACEM.NS": {
        "Final Balance": 101729.53674101223,
        "Total Trades": 3,
        "Winning Trades": 2,
        "Losing Trades": 1,
        "Max Profit": 2390.673200004592,
        "Max Loss": -2213.913865889608,
        "Total Profit": 1842.095860995738
    },
    "APOLLOHOSP.NS": {
        "Final Balance": 98003.94918041713,
        "Total Trades": 2,
        "Winning Trades": 1,
        "Losing Trades": 1,
        "Max Profit": 1765.0868670120872,
        "Max Loss": -3695.133817023245,
        "Total Profit": -1930.0469500111576
    },
    "ASIANPAINT.NS": {
        "Final Balance": 99896.2924498354,
        "Total Trades": 6,
        "Winning Trades": 6,
        "Losing Trades": 0,
        "Max Profit": 3901.3806439079162,
        "Max Loss": -12208.059730761852,
        "Total Profit": 201.135377173272
    },
    "AUROPHARMA.NS": {
        "Final Balance": 90321.64956758323,
        "Total Trades": 3,
        "Winning Trades": 1,
        "Losing Trades": 2,
        "Max Profit": 4618.4966202525975,
        "Max Loss": -4980.080758995704,
        "Total Profit": -9549.655166248474
    },
    "AXISBANK.NS": {
        "Final Balance": 106299.3809517045,
        "Total Trades": 5,
        "Winning Trades": 4,
        "Losing Trades": 1,
        "Max Profit": 5934.824497958267,
        "Max Loss": -10703.561427694582,
        "Total Profit": 6505.950618223178
    },
    "BAJAJ-AUTO.NS": {
        "Final Balance": 100031.9052848859,
        "Total Trades": 3,
        "Winning Trades": 3,
        "Losing Trades": 0,
        "Max Profit": 2179.5987721644815,
        "Max Loss": -4361.424005491488,
        "Total Profit": 115.08411711762437
    },
    "BAJFINANCE.NS": {
        "Final Balance": 119110.29308626153,
        "Total Trades": 6,
        "Winning Trades": 4,
        "Losing Trades": 2,
        "Max Profit": 13236.74863581272,
        "Max Loss": -7309.43685896822,
        "Total Profit": 19409.803426571874
    },
    "BAJAJFINSV.NS": {
        "Final Balance": 91578.78117030405,
        "Total Trades": 5,
        "Winning Trades": 2,
        "Losing Trades": 3,
        "Max Profit": 6059.338482361018,
        "Max Loss": -12293.172959829848,
        "Total Profit": -8173.1374975267645
    },
    "BPCL.NS": {
        "Final Balance": 102340.68752284789,
        "Total Trades": 5,
        "Winning Trades": 3,
        "Losing Trades": 2,
        "Max Profit": 1406.2604231766873,
        "Max Loss": -976.3843560980049,
        "Total Profit": 2415.7455483630283
    },
    "BHARTIARTL.NS": {
        "Final Balance": 107320.90184591395,
        "Total Trades": 1,
        "Winning Trades": 1,
        "Losing Trades": 0,
        "Max Profit": 4992.054285662602,
        "Max Loss": 2405.6604481524555,
        "Total Profit": 7397.714733815057
    },
    "BIOCON.NS": {
        "Final Balance": 98981.20304858175,
        "Total Trades": 3,
        "Winning Trades": 2,
        "Losing Trades": 1,
        "Max Profit": 4059.652992792471,
        "Max Loss": -9167.399733482267,
        "Total Profit": -881.404894305906
    },
    "BRITANNIA.NS": {
        "Final Balance": 102874.22368564154,
        "Total Trades": 4,
        "Winning Trades": 3,
        "Losing Trades": 1,
        "Max Profit": 2444.4156359209737,
        "Max Loss": -1974.1199162606426,
        "Total Profit": 3007.200614115245
    },
    "CIPLA.NS": {
        "Final Balance": 119948.92341036793,
        "Total Trades": 4,
        "Winning Trades": 4,
        "Losing Trades": 0,
        "Max Profit": 11886.987623348876,
        "Max Loss": -1499.009557736048,
        "Total Profit": 20152.326004424063
    },
    "COALINDIA.NS": {
        "Final Balance": 98908.78584852617,
        "Total Trades": 4,
        "Winning Trades": 3,
        "Losing Trades": 1,
        "Max Profit": 826.5812081734148,
        "Max Loss": -2159.9048893667095,
        "Total Profit": -1052.872246401173
    },
    "DIVISLAB.NS": {
        "Final Balance": 119110.98185679667,
        "Total Trades": 5,
        "Winning Trades": 4,
        "Losing Trades": 1,
        "Max Profit": 8626.47777578517,
        "Max Loss": -7375.565686991897,
        "Total Profit": 19300.444117680483
    },
    "DRREDDY.NS": {
        "Final Balance": 105633.32657809736,
        "Total Trades": 3,
        "Winning Trades": 2,
        "Losing Trades": 1,
        "Max Profit": 4732.427904691976,
        "Max Loss": -1208.9130105403383,
        "Total Profit": 5800.434261678576
    },
    "EICHERMOT.NS": {
        "Final Balance": 126583.50612976888,
        "Total Trades": 6,
        "Winning Trades": 5,
        "Losing Trades": 1,
        "Max Profit": 8189.702271459399,
        "Max Loss": -1714.9685743297123,
        "Total Profit": 26760.23416538586
    },
    "GRASIM.NS": {
        "Final Balance": 100972.69900478581,
        "Total Trades": 3,
        "Winning Trades": 2,
        "Losing Trades": 1,
        "Max Profit": 2273.648037223633,
        "Max Loss": -2735.5389708702387,
        "Total Profit": 1087.5635526506994
    },
    "HCLTECH.NS": {
        "Final Balance": 101206.58147638896,
        "Total Trades": 3,
        "Winning Trades": 2,
        "Losing Trades": 1,
        "Max Profit": 1191.519000518274,
        "Max Loss": -512.6391223890405,
        "Total Profit": 1254.9569824809587
    },
    "HDFCBANK.NS": {
        "Final Balance": 110458.45450024636,
        "Total Trades": 4,
        "Winning Trades": 4,
        "Losing Trades": 0,
        "Max Profit": 5894.519009318428,
        "Max Loss": 298.3842522364321,
        "Total Profit": 10621.8229476511
    },
    "HDFCLIFE.NS": {
        "Final Balance": 107901.75261922015,
        "Total Trades": 4,
        "Winning Trades": 4,
        "Losing Trades": 0,
        "Max Profit": 3476.3506173761125,
        "Max Loss": -952.5779138708895,
        "Total Profit": 8112.525985963992
    },
    "HEROMOTOCO.NS": {
        "Final Balance": 106324.10190449365,
        "Total Trades": 6,
        "Winning Trades": 5,
        "Losing Trades": 1,
        "Max Profit": 3787.807902318458,
        "Max Loss": -5065.366656844111,
        "Total Profit": 6454.787595885355
    },
    "HINDALCO.NS": {
        "Final Balance": 106254.95213293607,
        "Total Trades": 4,
        "Winning Trades": 2,
        "Losing Trades": 2,
        "Max Profit": 8764.876871416847,
        "Max Loss": -4395.262236205137,
        "Total Profit": 6368.563573074171
    },
    "HINDUNILVR.NS": {
        "Final Balance": 108725.43398415105,
        "Total Trades": 5,
        "Winning Trades": 5,
        "Losing Trades": 0,
        "Max Profit": 4393.75147763126,
        "Max Loss": -2946.621076062038,
        "Total Profit": 8903.688616496933
    },
    "ICICIBANK.NS": {
        "Final Balance": 108015.45281925728,
        "Total Trades": 4,
        "Winning Trades": 3,
        "Losing Trades": 1,
        "Max Profit": 6380.009990463848,
        "Max Loss": -5095.11098395483,
        "Total Profit": 8176.652566160137
    },
    "INDUSINDBK.NS": {
        "Final Balance": 87362.77900229066,
        "Total Trades": 4,
        "Winning Trades": 3,